{"IcoMoonType":"selection","icons":[{"icon":{"paths":["M1024 397.050l-353.78-51.408-158.22-320.582-158.216 320.582-353.784 51.408 256 249.538-60.432 352.352 316.432-166.358 316.432 166.358-60.434-352.352 256.002-249.538z"],"tags":["star-full","rate","star","favorite","bookmark"],"defaultCode":59865,"grid":16,"attrs":[]},"attrs":[],"properties":{"ligatures":"star-full, rate3","name":"star-full","order":2,"id":218,"prevSize":32,"code":59865},"setIdx":0,"setId":1,"iconIdx":217}],"height":1024,"metadata":{"name":"icomoon"},"preferences":{"showGlyphs":true,"showQuickUse":true,"showQuickUse2":true,"showSVGs":true,"fontPref":{"prefix":"icon-","metadata":{"fontFamily":"icomoon"},"metrics":{"emSize":1024,"baseline":6.25,"whitespace":50},"embed":false},"imagePref":{"prefix":"icon-","png":true,"useClassSelector":true,"color":0,"bgColor":16777215,"classSelector":".icon"},"historySize":50,"showCodes":true,"gridSize":16}}